Gen,Bus,Rating,xd,H,D
1,53,100,0.031,42,4
1,54,100,0.0697,30.2,9.75
1,55,100,0.0531,35.8,10
1,56,100,0.0436,28.6,10
1,57,100,0.066,26,3
1,58,100,0.05,34.8,10
1,59,100,0.049,26.4,8
1,60,100,0.057,24.3,9
1,61,100,0.057,34.5,14
1,62,100,0.0457,31,5.56
1,63,100,0.018,28.2,13.6
1,64,100,0.031,92.3,13.5
1,65,100,0.0055,248,33
1,66,100,0.00285,300,100
1,67,100,0.00285,300,100
1,68,100,0.0071,225,50
